image_id,year,month,day,final_date,note
000009,2026,10,29,2026-10-29,single raw:2026.10.29
000014,2026,01,31,2026-01-31,single raw:26.01.31
000027,2026,04,27,2026-04-27,multi-부터까지 raw:27.04.2026 | 28.04.2025
000039,2026,05,26,2026-05-26,single raw:2026.05.26
000046,2025,10,10,2025-10-10,single raw:2025.10.10
000052,2025,11,19,2025-11-19,single raw:2025.11.19
000060,2026,04,30,2026-04-30,single raw:2026.04.30
000078,2025,06,19,2025-06-19,single raw:2025.06 19
000081,2026,05,18,2026-05-18,multi-부터까지 raw:2025.05.19 | 2026.05.18
000087,2026,08,10,2026-08-10,multi-부터까지 raw:2025.08.11 | 2026.08.10
000094,2027,06,30,2027-06-30,single raw:2027.06.30
000102,2025,11,13,2025-11-13,single raw:2025.11.13
000110,2025,10,29,2025-10-29,single raw:25.10.29
000134,2026,09,23,2026-09-23,single raw:2026.09.23
000146,2026,04,03,2026-04-03,single raw:2026.04.03
000148,2026,02,26,2026-02-26,multi-부터까지 raw:26.02.26 | 24.08.27
000154,2027,08,13,2027-08-13,single raw:2027.08.13
000174,2026,09,05,2026-09-05,multi-부터까지 raw:2025.09.06 | 2026.09.05
000179,2026,06,29,2026-06-29,multi-부터까지 raw:2025.09.30 | 2026.06.29
000193,2026,03,06,2026-03-06,single raw:2026.03.06
000194,2027,04,23,2027-04-23,single raw:2027.04.23
000197,2026,07,30,2026-07-30,single raw:2026.07.30
000208,2026,04,13,2026-04-13,single raw:4.13.2026
000226,2027,03,15,2027-03-15,single raw:27.03.15
000229,2025,10,28,2025-10-28,single raw:2025.10.28
000230,2026,03,28,2026-03-28,single raw:2026-03-28
000233,2028,01,18,2028-01-18,single raw:20280118
000239,2026,07,10,2026-07-10,single raw:2026.07.10
000240,2027,06,20,2027-06-20,single raw:2027.06.20
000241,2027,08,10,2027-08-10,single raw:2027.08.10
000250,2026,03,04,2026-03-04,multi-부터까지 raw:25.09.05 | 26.03.04
000254,2026,08,12,2026-08-12,multi-부터까지 raw:25.08.13 | 26.08.12
000255,2026,08,20,2026-08-20,single raw:26.08.20
000258,2026,05,30,2026-05-30,single raw:2026.05.30
000259,2025,11,09,2025-11-09,single raw:2025.11.09
000261,2026,03,07,2026-03-07,multi-부터까지 raw:25.09.08 | 26.03.07
000263,2028,11,22,2028-11-22,single raw:2028.11.22
000264,2026,06,06,2026-06-06,single raw:26.06.06
000274,2026,03,02,2026-03-02,multi-부터까지 raw:25.09.03 | 26.03.02
000277,2026,07,15,2026-07-15,multi-부터까지 raw:2025.09.16 | 2026.07.15
000290,2027,03,02,2027-03-02,single raw:2027.03.02
000299,2026,05,13,2026-05-13,single raw:2026.05.13
000305,2026,02,24,2026-02-24,single raw:26.02.24
000309,2027,04,01,2027-04-01,single raw:2027.04.01
000310,2026,09,28,2026-09-28,single raw:2026.09.28
000315,2026,07,19,2026-07-19,single raw:2026.07.19
000316,2027,03,01,2027-03-01,single raw:2027.03.01
000326,2025,10,18,2025-10-18,single raw:2025.10.18
000328,2025,12,25,2025-12-25,single raw:2025.12.25
000346,2026,05,15,2026-05-15,single raw:2026.05.15
000358,2027,09,16,2027-09-16,single raw:2027.09.16
000359,2026,06,18,2026-06-18,single raw:2026.06.18
000363,2026,04,21,2026-04-21,single raw:2026.04.21
000369,2027,06,25,2027-06-25,single raw:2027.06.25
000375,2026,05,31,2026-05-31,single raw:26.05.31
000385,2026,09,14,2026-09-14,multi-부터까지 raw:2025.09.15 | 2026.09.14
000387,2027,01,21,2027-01-21,single raw:2027.01.21
000388,2026,01,15,2026-01-15,single raw:2026.01.15
000392,2026,08,29,2026-08-29,multi-부터까지 raw:25.08.29 | 26.08.29
000394,2026,04,14,2026-04-14,single raw:2026.04.14
000396,2026,02,27,2026-02-27,single raw:2026.02.27
000399,2027,01,31,2027-01-31,single raw:2027.01.31
000402,2028,04,19,2028-04-19,single raw:28.04.19
000405,2027,10,15,2027-10-15,single raw:2027.10.15
000410,2027,04,13,2027-04-13,single raw:2027.04.13
000415,2026,05,27,2026-05-27,single raw:2026.05.27
000417,2026,03,15,2026-03-15,single raw:2026.03.15
000419,2026,08,05,2026-08-05,single raw:2026.08.05
000440,2026,08,13,2026-08-13,multi-부터까지 raw:25.08.14 | 26.08.13
000441,2025,12,13,2025-12-13,single raw:2025.12.13
000442,2025,11,30,2025-11-30,single raw:2025.11.30
000451,2026,02,27,2026-02-27,multi-부터까지 raw:25.08.28 | 26.02.27
000455,2026,02,10,2026-02-10,multi-부터까지 raw:2025.08.11 | 2026.02.10
000463,2027,07,30,2027-07-30,single raw:2027.07.30
000465,2025,05,21,2025-05-21,single raw:2025.05.21
000473,2025,05,21,2025-05-21,single raw:2025.05.21
000485,2027,09,17,2027-09-17,single raw:2027-09-17
000487,2027,12,11,2027-12-11,single raw:2027.12.11
000500,2026,12,17,2026-12-17,multi-부터까지 raw:2025.06.18 | 2026.12.17
000504,2026,02,28,2026-02-28,single raw:2026.02.28
000508,2025,08,25,2025-08-25,single raw:25.08.25
000513,2026,09,03,2026-09-03,single raw:2026.09.03
000521,2026,03,10,2026-03-10,multi-부터까지 raw:2025.09.11 | 2026.03.10
000525,2027,09,08,2027-09-08,single raw:2027.09.08
000527,2025,10,12,2025-10-12,single raw:2025.10.12
000543,2027,09,26,2027-09-26,multi-부터까지 raw:2025.06.27 | 27.09.26
000550,2026,05,29,2026-05-29,single raw:2026.05.29
000563,2026,01,10,2026-01-10,single raw:2026.01.10
000565,2025,12,05,2025-12-05,single raw:2025.12.05
000568,2026,02,23,2026-02-23,single raw:2026.02.23
000576,2026,05,21,2026-05-21,multi-부터까지 raw:2025.06.22 | 2026.05.21
000592,2025,03,25,2025-03-25,multi-부터까지 raw:26/03/2023 | 25/03/2025
000598,2026,03,09,2026-03-09,multi-부터까지 raw:2025.09.10 | 2026.03.09
000612,2026,05,07,2026-05-07,single raw:2026.05.07
000614,2026,03,07,2026-03-07,single raw:2026.03.07
000621,2026,08,25,2026-08-25,single raw:2026.08.25
000630,2026,03,31,2026-03-31,single raw:2026.03.31
000631,2025,11,15,2025-11-15,single raw:25.11.15
000636,2026,03,09,2026-03-09,single raw:2026.03.09
000643,2026,01,21,2026-01-21,single raw:2026.01.21
000656,2026,09,04,2026-09-04,single raw:2026.09.04
000661,2026,04,17,2026-04-17,single raw:2026.04.17
000672,2026,02,08,2026-02-08,single raw:26.02.08
000676,2026,06,10,2026-06-10,single raw:2026.06.10
000686,2025,10,12,2025-10-12,multi-close(재확인권장) raw:2025.10.03 | 2025.10.12
000687,2025,10,17,2025-10-17,single raw:2025년 10월 17일
000693,2026,09,01,2026-09-01,multi-부터까지 raw:25.09.02 | 26.09.01
000695,2027,09,09,2027-09-09,single raw:2027.09.09
000714,2026,03,12,2026-03-12,single raw:12.3.2026
000723,2026,05,10,2026-05-10,single raw:26.05.10
000725,2026,04,16,2026-04-16,single raw:26.04.16
000731,2026,03,08,2026-03-08,single raw:2026.03.08
000734,2025,10,28,2025-10-28,single raw:2025.10.28
000741,2025,12,03,2025-12-03,multi-부터까지 raw:25.08.04 | 25.12.03
000745,2026,01,10,2026-01-10,single raw:26.01.10
000748,2027,01,22,2027-01-22,single raw:2027.01.22
000794,2026,10,27,2026-10-27,single raw:2026.10.27
000803,2026,09,13,2026-09-13,single raw:2026/09/13
000815,2026,06,22,2026-06-22,single raw:2026 06 22
000817,2026,05,12,2026-05-12,single raw:MAY 12 2026
000823,2027,02,23,2027-02-23,single raw:2027/02/23
000825,2026,06,22,2026-06-22,single raw:2026.06.22
000839,2026,01,03,2026-01-03,multi-부터까지 raw:2025.11.26 | 2026.01.03
000858,2021,10,28,2021-10-28,single raw:2021/10/28
000862,2021,10,22,2021-10-22,multi-부터까지 raw:22.10.2020 | 22.10.2021
000873,2021,02,26,2021-02-26,single raw:FEB/26/21
000888,2021,12,04,2021-12-04,single raw:2021 12 04
000893,2022,02,07,2022-02-07,single raw:07FEB2022
000896,2023,02,15,2023-02-15,multi-부터까지 raw:2020/02/15 | 2023/02/15
000902,2021,11,01,2021-11-01,single raw:01/11/2021
000913,2021,10,19,2021-10-19,single raw:2021.10.19
000928,2022,03,13,2022-03-13,single raw:13/03/22
000941,2021,07,02,2021-07-02,single raw:2021/07/02
000942,2021,05,29,2021-05-29,multi-부터까지 raw:29 08 2020 | 29 05 2021
000944,2021,07,03,2021-07-03,multi-부터까지 raw:03/04/2020 | 03/07/2021
000948,2021,10,24,2021-10-24,multi-부터까지 raw:24/07/2020 | 24/10/2021
000968,2022,10,17,2022-10-17,single raw:2022.10.17
000978,2021,11,03,2021-11-03,multi-부터까지 raw:03 11 2020 | 03 11 2021
001000,2021,09,07,2021-09-07,single raw:07 SEP 21
001005,2020,08,10,2020-08-10,single raw:2020.08.10
001007,2022,06,29,2022-06-29,multi-부터까지 raw:2020.12.30 | 2022.06.29
001012,2021,11,10,2021-11-10,multi-부터까지 raw:2020.11.11 | 2021.11.10
001026,2020,12,09,2020-12-09,single raw:2020.12.09
001032,2019,07,16,2019-07-16,single raw:2019.07.16
001041,2022,04,15,2022-04-15,single raw:2022.04.15
001044,2021,04,30,2021-04-30,single raw:30-04-2021
001047,2021,05,12,2021-05-12,single raw:2021.05.12
001048,2021,05,12,2021-05-12,single raw:2021.05.12
001053,2022,09,01,2022-09-01,single raw:2022.09.01
001060,2022,06,23,2022-06-23,single raw:2022.06.23
001074,2021,09,30,2021-09-30,single raw:30/09/2021
001083,2021,07,09,2021-07-09,single raw:2021.07.09
001090,2021,04,16,2021-04-16,multi-부터까지 raw:2020.07.17 | 2021.04.16
001101,2021,03,14,2021-03-14,multi-부터까지 raw:2021.01.14 | 2021.03.14
001103,2021,03,14,2021-03-14,single raw:2021.03.14
001106,2021,03,27,2021-03-27,single raw:2021.03.27
001128,2021,06,10,2021-06-10,multi-부터까지 raw:20.12.11 | 21.06.10
001136,2022,09,24,2022-09-24,single raw:24/09/2022
001145,2021,05,25,2021-05-25,single raw:2021.05.25
001158,2021,08,10,2021-08-10,single raw:2021 08 10
001164,2021,03,01,2021-03-01,single raw:2021.03.01
001175,2021,09,07,2021-09-07,single raw:07 09 21
001181,2022,04,14,2022-04-14,single raw:APR 14 2022
001183,2021,10,08,2021-10-08,single raw:2021.10.08
001193,2021,02,11,2021-02-11,multi-부터까지 raw:13/02/2020 | 11/02/2021
001201,2022,07,16,2022-07-16,single raw:2022.07.16
001214,2021,05,15,2021-05-15,single raw:2021.05.15
001239,2020,12,19,2020-12-19,single raw:2020.12.19
001256,2022,07,03,2022-07-03,single raw:2022/07/03
001259,2021,08,30,2021-08-30,single raw:30/08/2021
001260,2021,08,30,2021-08-30,single raw:30/08/2021
001267,2022,09,05,2022-09-05,single raw:2022.09.05
001271,2023,07,08,2023-07-08,single raw:2023/07/08
001290,2024,11,21,2024-11-21,single raw:24/11/21
001293,2020,09,21,2020-09-21,single raw:2020/09/21
001302,2030,11,20,2030-11-20,multi-부터까지 raw:30.11.20 | 29.11.21 | 09/2012
001303,2021,09,14,2021-09-14,multi-부터까지 raw:14/09/2020 | 14/09/2021
001312,2022,10,20,2022-10-20,single raw:2022/10/20
001346,2021,08,27,2021-08-27,single raw:AUG 27 2021
001354,2022,07,06,2022-07-06,single raw:06 JUL 2022
001372,2022,03,07,2022-03-07,single raw:07-03-2022
001381,2021,04,09,2021-04-09,single raw:2021.04.09
001405,2021,01,27,2021-01-27,single raw:2021.01.27
001411,2022,09,06,2022-09-06,single raw:2022.09.06
001413,2021,07,23,2021-07-23,multi-부터까지 raw:21.02.24 | 21.07.23
001424,2021,06,22,2021-06-22,multi-부터까지 raw:22.06.2020 | 22.06.2021
001425,2021,06,22,2021-06-22,multi-부터까지 raw:22.06.2020 | 22.06.2021
001426,2020,04,17,2020-04-17,single raw:2020.04.17
001427,2020,08,12,2020-08-12,single raw:2020.08.12
001432,2021,09,29,2021-09-29,single raw:2021.09.29
001445,2021,10,29,2021-10-29,single raw:2021.10.29
001450,2022,04,26,2022-04-26,single raw:2022.04.26
001458,2022,10,29,2022-10-29,single raw:2022.10.29
001484,2022,09,28,2022-09-28,single raw:28/09/2022
001490,2021,08,06,2021-08-06,multi-부터까지 raw:2020.12.07 | 2021.08.06
001506,2021,02,19,2021-02-19,single raw:2021.02.19
001509,2021,10,19,2021-10-19,single raw:OCT-19-2021
001517,2021,11,19,2021-11-19,single raw:2021.11.19
001526,2021,01,21,2021-01-21,single raw:2021.01.21
001529,2021,02,11,2021-02-11,single raw:2021.02.11
001530,2021,02,11,2021-02-11,single raw:2021.02.11
001531,2022,06,06,2022-06-06,single raw:2022.06.06
001534,2022,07,11,2022-07-11,single raw:2022.07.11
001537,2021,02,19,2021-02-19,multi-부터까지 raw:21.01.26 | 21.02.19
001538,2022,01,18,2022-01-18,single raw:22.01.18
001542,2022,01,22,2022-01-22,single raw:22.01.22
001544,2021,08,02,2021-08-02,single raw:2021.08.02
001548,2022,09,28,2022-09-28,multi-부터까지 raw:29/09/2020 | 28/09/2022
001551,2021,10,09,2021-10-09,single raw:09/10/2021
001559,2024,12,21,2024-12-21,single raw:24/12/21
001563,2020,08,05,2020-08-05,multi-부터까지 raw:20.03.06 | 20.08.05
001566,2020,04,23,2020-04-23,single raw:23 APR 2020
001572,2021,06,11,2021-06-11,single raw:2021.06.11
001615,2020,09,03,2020-09-03,single raw:2020.09.03
001628,2021,07,23,2021-07-23,single raw:2021.07.23
001630,2022,10,21,2022-10-21,single raw:2022.10.21
001633,2021,05,12,2021-05-12,single raw:2021.05.12
001639,2021,02,28,2021-02-28,single raw:2021.02.28
001641,2023,01,24,2023-01-24,single raw:2023.01.24
001642,2022,03,13,2022-03-13,single raw:13 MAR 2022
001648,2021,12,14,2021-12-14,single raw:2021/12/14
001651,2021,03,09,2021-03-09,single raw:2021.03.09
001655,2019,09,12,2019-09-12,single raw:2019.09.12
001656,2021,01,16,2021-01-16,single raw:2021.01.16
001680,2021,03,16,2021-03-16,multi-부터까지 raw:2021.01.16 | 2021.03.16
001682,2022,10,22,2022-10-22,single raw:2022.10.22
001687,2020,11,27,2020-11-27,single raw:2020.11.27
001688,2021,06,22,2021-06-22,single raw:22 JUN 2021
001691,2020,08,16,2020-08-16,single raw:2020 08 16
001692,2021,07,03,2021-07-03,single raw:2021.07.03
001711,2021,10,15,2021-10-15,multi-부터까지 raw:21.01.16 | 21.10.15
001751,2021,06,28,2021-06-28,single raw:2021.06.28
001758,2023,03,09,2023-03-09,single raw:09MAR2023
001766,2021,09,10,2021-09-10,single raw:10/SEP/21
001767,2021,06,29,2021-06-29,multi-부터까지 raw:2020.12.30 | 2021.06.29
001772,2020,08,07,2020-08-07,single raw:2020.08.07
001773,2020,08,07,2020-08-07,single raw:2020.08.07
001775,2021,04,02,2021-04-02,single raw:2021.04.02
001778,2021,04,09,2021-04-09,single raw:21.04.09
001781,2020,09,01,2020-09-01,multi-부터까지 raw:2020.03.02 | 2020.09.01
001796,2021,01,27,2021-01-27,single raw:2021.01.27
001800,2021,01,14,2021-01-14,single raw:2021.01.14
001827,2021,11,28,2021-11-28,single raw:28/11/2021
001855,2023,10,28,2023-10-28,single raw:28.Oct.2023
001856,2023,10,28,2023-10-28,single raw:28.Oct.2023
001861,2018,06,23,2018-06-23,single raw:18 06 23
001869,2021,09,26,2021-09-26,multi-부터까지 raw:26/09/2021 | 26/11/2020
001879,2021,09,01,2021-09-01,single raw:2021.09.01
001885,2021,12,05,2021-12-05,multi-부터까지 raw:2021-12-05 | 2020-06-05
001890,2021,08,31,2021-08-31,single raw:31AUG21
001892,2022,05,22,2022-05-22,single raw:2022.05.22
001896,2021,03,17,2021-03-17,single raw:2021.03.17
001900,2021,11,29,2021-11-29,single raw:NOV 29 2021
001903,2027,08,21,2027-08-21,multi-close(재확인권장) raw:27/08/20 | 27/08/21
001908,2021,08,16,2021-08-16,single raw:2021.08.16
001909,2021,12,29,2021-12-29,single raw:2021.12.29
001910,2021,05,07,2021-05-07,multi-부터까지 raw:2020.05.08 | 2021.05.07 | 2016.4 | 2017.11
001912,2021,05,21,2021-05-21,single raw:21MAY2021
001914,2021,09,14,2021-09-14,single raw:2021.09.14
001917,2021,05,25,2021-05-25,single raw:25.05.2021
001942,2022,05,27,2022-05-27,single raw:27.05.2022
001944,2023,09,29,2023-09-29,single raw:2023-09-29
001949,2016,07,23,2016-07-23,single raw:16 07 23
001960,2022,06,15,2022-06-15,single raw:15-06-2022
001961,2027,03,21,2027-03-21,single raw:27/03/21
001976,2026,02,21,2026-02-21,single raw:26.02.21
001978,2020,11,04,2020-11-04,single raw:2020.11.04
001983,2021,10,20,2021-10-20,single raw:2021.10.20
002007,2022,01,14,2022-01-14,single raw:2022/01/14
002008,2022,01,14,2022-01-14,single raw:2022/01/14
002009,2021,12,02,2021-12-02,single raw:02 12 2021
002013,2022,10,01,2022-10-01,single raw:2022.10.01
002015,2023,06,28,2023-06-28,single raw:2023.06.28
002016,2022,10,19,2022-10-19,single raw:19 10 2022
002017,2021,10,23,2021-10-23,single raw:2021.10.23
002019,2022,03,09,2022-03-09,single raw:09/03/2022
002020,2023,05,01,2023-05-01,single raw:01/05/2023
002032,2022,03,22,2022-03-22,single raw:2022.03.22
002042,2020,08,27,2020-08-27,single raw:2020.08.27
002053,2020,08,11,2020-08-11,single raw:2020.08.11
002058,2022,06,22,2022-06-22,single raw:2022.06.22
002084,2020,11,06,2020-11-06,multi-부터까지 raw:13/03/2020 | 06/11/2020
002085,2021,11,22,2021-11-22,single raw:2021.11.22
002091,2021,09,21,2021-09-21,single raw:2021.09.21
002093,2021,11,17,2021-11-17,single raw:2021.11.17
002101,2021,09,17,2021-09-17,single raw:2021.09.17
002106,2022,01,03,2022-01-03,single raw:2022.01.03
002109,2022,02,24,2022-02-24,single raw:2022.02.24
002114,2020,12,01,2020-12-01,single raw:2020.12.01
002134,2022,11,02,2022-11-02,single raw:2022.11.02
002155,2021,05,21,2021-05-21,single raw:21.05.21
002178,2022,05,19,2022-05-19,single raw:2022.05.19
002191,2020,10,20,2020-10-20,single raw:2020.10.20
002200,2021,08,05,2021-08-05,single raw:2021.08.05
002201,2020,10,08,2020-10-08,single raw:20.10.08
002208,2022,05,31,2022-05-31,single raw:2022.05.31
002210,2020,09,22,2020-09-22,multi-부터까지 raw:20.03.23 | 20.09.22
002214,2020,10,16,2020-10-16,single raw:20.10.16
002221,2022,06,03,2022-06-03,single raw:2022.06.03
002227,2023,03,03,2023-03-03,single raw:2023. 03 03
002228,2028,03,23,2028-03-23,single raw:28/03/23
002231,2022,07,21,2022-07-21,single raw:2022.07.21
002236,2021,06,08,2021-06-08,single raw:2021.06.08
002238,2022,06,20,2022-06-20,single raw:2022/06/20
002239,2022,06,30,2022-06-30,single raw:2022/06/30
002243,2022,03,13,2022-03-13,single raw:2022.03.13
002247,2021,09,07,2021-09-07,single raw:2021.09.07
002250,2021,05,09,2021-05-09,single raw:09MAY2021
002269,2016,03,21,2016-03-21,single raw:16/03/21
002273,2021,08,09,2021-08-09,single raw:2021.08.09
002286,2021,12,31,2021-12-31,single raw:21.12.31
002289,2021,12,18,2021-12-18,single raw:18.12.2021
002297,2022,06,06,2022-06-06,single raw:2022.06.06
002313,2021,10,17,2021-10-17,multi-부터까지 raw:17.10.2020 | 17.10.2021
002316,2022,06,15,2022-06-15,single raw:15.06.2022
002320,2020,10,29,2020-10-29,single raw:2020.10.29
002327,2022,10,23,2022-10-23,single raw:2022.10.23
002328,2021,10,20,2021-10-20,multi-부터까지 raw:2020.10.21 | 2021.10.20
002329,2020,11,30,2020-11-30,single raw:2020.11.30
002334,2021,10,04,2021-10-04,single raw:21.10.04
002337,2023,01,05,2023-01-05,single raw:2023.01.05
002340,2021,12,28,2021-12-28,single raw:21.12.28
002342,2021,12,15,2021-12-15,multi-부터까지 raw:2020.12.16 | 2021.12.15
002348,2021,10,04,2021-10-04,single raw:2021.10.04
002350,2019,09,11,2019-09-11,multi-부터까지 raw:19.04.12 | 19.09.11
002362,2019,12,10,2019-12-10,single raw:2019.12.10
002366,2020,10,01,2020-10-01,single raw:01-10-2020
002368,2022,01,16,2022-01-16,single raw:2022.01.16
002369,2022,01,16,2022-01-16,single raw:2022.01.16
002385,2019,08,18,2019-08-18,multi-부터까지 raw:19.03.19 | 19.08.18
002389,2021,08,04,2021-08-04,single raw:2021.08.04
002392,2021,07,21,2021-07-21,single raw:2021.07.21
002395,2023,11,11,2023-11-11,single raw:2023/11/11
002399,2021,09,15,2021-09-15,single raw:SEP 15 2021
002408,2022,10,29,2022-10-29,multi-부터까지 raw:29.10.2019 | 29.10.2022
002413,2022,07,20,2022-07-20,single raw:2022.07.20
002418,2023,05,10,2023-05-10,single raw:2023.05.10
002419,2023,05,10,2023-05-10,single raw:2023.05.10
002425,2022,06,09,2022-06-09,single raw:2022/06/09
002443,2021,11,11,2021-11-11,single raw:11/11/21
002444,2021,11,11,2021-11-11,single raw:11/11/21
002450,2021,06,09,2021-06-09,multi-부터까지 raw:2020.12.10 | 2021.06.09
002452,2021,12,22,2021-12-22,single raw:21.12.22
002473,2021,03,16,2021-03-16,multi-close(재확인권장) raw:21.03.10 | 21.03.16
002475,2021,03,13,2021-03-13,single raw:2021.03.13
002481,2021,03,28,2021-03-28,single raw:2021.03.28
002489,2021,04,18,2021-04-18,single raw:2021.04.18
002507,2021,08,08,2021-08-08,single raw:2021.08.08
002512,2021,11,04,2021-11-04,single raw:2021.11.04
002519,2023,01,25,2023-01-25,single raw:2023.01.25
002520,2023,10,02,2023-10-02,single raw:02/10/2023
002523,2022,09,14,2022-09-14,single raw:2022.09.14
002539,2021,08,05,2021-08-05,single raw:2021/08/05
002551,2021,09,30,2021-09-30,single raw:30-09-2021
002557,2021,11,17,2021-11-17,single raw:2021.11.17
002561,2022,10,21,2022-10-21,single raw:2022-10-21
002563,2021,08,29,2021-08-29,single raw:29/08/2021
002574,2021,12,16,2021-12-16,single raw:2021.12.16
002576,2020,02,18,2020-02-18,single raw:2020.02.18
002579,2024,01,14,2024-01-14,single raw:2024.01.14
002584,2023,11,04,2023-11-04,single raw:04-11-23
002594,2022,08,05,2022-08-05,single raw:05.08.2022
002600,2020,10,21,2020-10-21,single raw:2020.10.21
002604,2017,11,23,2017-11-23,single raw:17/11/23
002607,2022,04,02,2022-04-02,single raw:2022.04.02
002636,2022,10,09,2022-10-09,single raw:09.10.2022
002652,2021,08,18,2021-08-18,single raw:2021.08.18
002654,2025,11,30,2025-11-30,multi-부터까지 raw:2020-12-08 | 2025-11-30
002661,2022,01,11,2022-01-11,multi-부터까지 raw:2021-01-11 | 2022-01-11
002662,2022,01,11,2022-01-11,multi-부터까지 raw:2021-01-11 | 2022-01-11
002663,2021,08,18,2021-08-18,multi-부터까지 raw:2020-08-18 | 2021-08-18
002664,2021,08,18,2021-08-18,multi-부터까지 raw:2020-08-18 | 2021-08-18
002669,2022,04,18,2022-04-18,single raw:2022.04.18
002683,2021,12,03,2021-12-03,single raw:03/12/2021
002686,2021,11,05,2021-11-05,single raw:2021.11.05
002699,2021,08,23,2021-08-23,single raw:2021.08.23
002705,2021,12,07,2021-12-07,single raw:07-12-21
002708,2020,01,22,2020-01-22,single raw:20/01/22
002716,2021,12,15,2021-12-15,single raw:2021/12/15
002724,2019,12,20,2019-12-20,single raw:19/12/20
002725,2028,10,21,2028-10-21,single raw:28 10 21
002727,2017,03,22,2017-03-22,single raw:17.03.22
002729,2021,11,04,2021-11-04,single raw:04 NOV 2021
002731,2021,04,18,2021-04-18,single raw:18/04/2021
002744,2021,01,10,2021-01-10,multi-부터까지 raw:10.01.20 | 10.01.21
002748,2022,11,12,2022-11-12,single raw:2022.11.12
002751,2022,02,20,2022-02-20,multi-부터까지 raw:21/11/2020 | 20/02/2022
002775,2021,10,08,2021-10-08,single raw:2021-10-08
002780,2021,04,06,2021-04-06,single raw:06/04/21
002782,2021,04,22,2021-04-22,single raw:22/04/2021
002790,2021,12,06,2021-12-06,single raw:06/12/2021
002798,2021,04,28,2021-04-28,single raw:2021.04.28
002802,2021,09,29,2021-09-29,single raw:2021.09.29
002807,2021,12,29,2021-12-29,single raw:2021.12.29
002812,2023,01,13,2023-01-13,single raw:2023.01.13
002820,2021,11,19,2021-11-19,single raw:2021.11.19
002834,2021,06,30,2021-06-30,single raw:2021.06.30
002838,2022,08,02,2022-08-02,single raw:02/08/2022
002864,2023,03,02,2023-03-02,single raw:02/03/2023
002866,2028,02,22,2028-02-22,single raw:28/02/22
002870,2021,02,25,2021-02-25,single raw:2021.02.25
002873,2021,04,07,2021-04-07,single raw:2021.04.07
002876,2022,12,04,2022-12-04,single raw:2022.12.04
002881,2021,04,13,2021-04-13,multi-부터까지 raw:2020.10.14 | 2021.04.13
002884,2022,07,20,2022-07-20,single raw:2022.07.20
002900,2022,08,03,2022-08-03,single raw:2022 08 03
002934,2022,02,02,2022-02-02,single raw:02.02.22
002948,2021,06,12,2021-06-12,single raw:12.06.2021
002954,2021,02,28,2021-02-28,single raw:2021.02.28
002974,2022,03,15,2022-03-15,multi-부터까지 raw:21/09/2020 | 15/03/2022
002980,2021,12,17,2021-12-17,single raw:2021.12 17
002983,2021,09,14,2021-09-14,single raw:2021.09.14
002992,2021,02,21,2021-02-21,single raw:2021.02.21
003011,2021,12,11,2021-12-11,single raw:11 12 2021
003015,2022,07,01,2022-07-01,single raw:2022.07.01
003020,2021,03,23,2021-03-23,single raw:2021.03.23
003023,2021,11,01,2021-11-01,single raw:2021.11.01
003032,2021,04,12,2021-04-12,single raw:12.04.2021
003036,2022,08,28,2022-08-28,single raw:28 08 2022
003053,2021,10,28,2021-10-28,single raw:28/10/2021
003060,2021,10,04,2021-10-04,single raw:2021.10.04
003067,2021,06,15,2021-06-15,single raw:21.06.15
003068,2021,06,15,2021-06-15,single raw:21.06.15
003070,2020,08,09,2020-08-09,multi-부터까지 raw:20.02.10 | 20.08.09
003072,2021,08,19,2021-08-19,single raw:2021.08.19
003073,2021,08,25,2021-08-25,single raw:2021.08.25
003083,2021,12,02,2021-12-02,single raw:21.12.02
003085,2021,06,27,2021-06-27,single raw:2021.06.27
003089,2021,09,15,2021-09-15,single raw:15-09-2021
003091,2021,09,17,2021-09-17,single raw:17-09-2021
003101,2022,11,21,2022-11-21,single raw:2022.11.21
003113,2021,03,28,2021-03-28,single raw:2021.03.28
003117,2021,12,29,2021-12-29,single raw:2021.12.29
003122,2021,09,15,2021-09-15,multi-부터까지 raw:15.09.2020 | 15.09.2021
003134,2021,10,14,2021-10-14,single raw:2021.10.14
003135,2021,10,14,2021-10-14,single raw:2021.10.14
003140,2021,07,12,2021-07-12,multi-부터까지 raw:2021.01.13 | 2021.07.12
003142,2021,12,11,2021-12-11,multi-부터까지 raw:2020.12.12 | 2021.12.11
003167,2021,10,10,2021-10-10,single raw:10.10.21
003170,2020,04,21,2020-04-21,single raw:20-04-21
003183,2021,03,26,2021-03-26,single raw:2021.03.26
003188,2022,01,17,2022-01-17,single raw:2022.01.17
003205,2023,06,26,2023-06-26,single raw:2023/06/26
003207,2021,07,20,2021-07-20,single raw:2021.07.20
003208,2021,07,20,2021-07-20,single raw:2021.07.20
003253,2020,10,20,2020-10-20,single raw:20 10 2020
003255,2021,11,05,2021-11-05,single raw:2021.11.05
003260,2022,07,29,2022-07-29,single raw:2022.07.29
003272,2021,05,03,2021-05-03,single raw:2021.05.03
003274,2021,08,20,2021-08-20,single raw:2021/08/20
003285,2021,08,06,2021-08-06,multi-부터까지 raw:21.03.07 | 21.08.06
003298,2021,10,21,2021-10-21,single raw:2021.10.21
003302,2023,02,06,2023-02-06,single raw:2023.02.06
003321,2021,09,01,2021-09-01,single raw:2021.09.01
003339,2022,01,24,2022-01-24,single raw:24/01/2022
003342,2030,12,23,2030-12-23,single raw:30 12 23
003343,2030,12,23,2030-12-23,single raw:30 12 23
003348,2027,07,13,2027-07-13,multi-부터까지 raw:13/07/25 | 13/07/27
000043,,,,NEEDS_MANUAL_REVIEW,raw:10.14 | 10.13
000515,,,,NEEDS_MANUAL_REVIEW,raw:2026.01
000544,,,,NEEDS_MANUAL_REVIEW,raw:
000575,,,,NEEDS_MANUAL_REVIEW,raw:10.14
000760,,,,NEEDS_MANUAL_REVIEW,raw:11.20
000786,,,,NEEDS_MANUAL_REVIEW,raw:12.17 | 12.05
000789,,,,NEEDS_MANUAL_REVIEW,raw:12.19
000798,,,,NEEDS_MANUAL_REVIEW,raw:12.20
000805,,,,NEEDS_MANUAL_REVIEW,raw:2027.7
000824,,,,NEEDS_MANUAL_REVIEW,raw:12.18 | 12.06
000835,,,,NEEDS_MANUAL_REVIEW,raw:
000925,,,,NEEDS_MANUAL_REVIEW,raw:02.02
001070,,,,NEEDS_MANUAL_REVIEW,raw:01.24
001129,,,,NEEDS_MANUAL_REVIEW,raw:02.07
001356,,,,NEEDS_MANUAL_REVIEW,raw:08/22 | 08/20
001423,,,,NEEDS_MANUAL_REVIEW,raw:Nov 2021
001482,,,,NEEDS_MANUAL_REVIEW,raw:01.31
001553,,,,NEEDS_MANUAL_REVIEW,raw:02.19
001830,,,,NEEDS_MANUAL_REVIEW,raw:12/2020
001860,,,,NEEDS_MANUAL_REVIEW,raw:
001953,,,,NEEDS_MANUAL_REVIEW,raw:OCT.2021
001955,,,,NEEDS_MANUAL_REVIEW,raw:OCT.2021
001969,,,,NEEDS_MANUAL_REVIEW,raw:08/2021
002052,,,,NEEDS_MANUAL_REVIEW,raw:04.14
002054,,,,NEEDS_MANUAL_REVIEW,raw:12 2021
002061,,,,NEEDS_MANUAL_REVIEW,raw:04.17 | 2018년 9월
002158,,,,NEEDS_MANUAL_REVIEW,raw:04.13
002159,,,,NEEDS_MANUAL_REVIEW,raw:04.13
002173,,,,NEEDS_MANUAL_REVIEW,raw:07.01
002241,,,,NEEDS_MANUAL_REVIEW,raw:2021 MAY 26
002266,,,,NEEDS_MANUAL_REVIEW,raw:03.05
002322,,,,NEEDS_MANUAL_REVIEW,raw:04.15
002345,,,,NEEDS_MANUAL_REVIEW,raw:02.12
002643,,,,NEEDS_MANUAL_REVIEW,raw:11.2022
002749,,,,NEEDS_MANUAL_REVIEW,raw:12.2020
002927,,,,NEEDS_MANUAL_REVIEW,raw:04.08
003173,,,,NEEDS_MANUAL_REVIEW,raw:05/2022
003202,,,,NEEDS_MANUAL_REVIEW,raw:10/2021
003235,,,,NEEDS_MANUAL_REVIEW,raw:11/2022
003252,,,,NEEDS_MANUAL_REVIEW,raw:04/2023
003276,,,,NEEDS_MANUAL_REVIEW,raw:04.10
003309,,,,NEEDS_MANUAL_REVIEW,raw:AUG292020
