image_id,filename,date_candidates_raw
000009,000009.jpg,2026.10.29
000014,000014.jpg,26.01.31
000027,000027.jpg,27.04.2026 | 28.04.2025
000039,000039.jpg,2026.05.26
000043,000043.jpg,10.14 | 10.13
000046,000046.jpg,2025.10.10
000052,000052.png,2025.11.19
000060,000060.jpg,2026.04.30
000078,000078.jpg,2025.06 19
000081,000081.jpg,2025.05.19 | 2026.05.18
000087,000087.jpg,2025.08.11 | 2026.08.10
000094,000094.jpg,2027.06.30
000102,000102.jpg,2025.11.13
000110,000110.jpg,25.10.29
000134,000134.jpg,2026.09.23
000146,000146.jpg,2026.04.03
000148,000148.jpg,26.02.26 | 24.08.27
000154,000154.jpg,2027.08.13
000174,000174.jpg,2025.09.06 | 2026.09.05
000179,000179.jpg,2025.09.30 | 2026.06.29
000193,000193.jpg,2026.03.06
000194,000194.jpg,2027.04.23
000197,000197.jpg,2026.07.30
000208,000208.jpg,4.13.2026
000226,000226.jpg,27.03.15
000229,000229.jpg,2025.10.28
000230,000230.jpg,2026-03-28
000233,000233.jpg,20280118
000239,000239.jpg,2026.07.10
000240,000240.jpg,2027.06.20
000241,000241.jpg,2027.08.10
000250,000250.jpg,25.09.05 | 26.03.04
000254,000254.jpg,25.08.13 | 26.08.12
000255,000255.jpg,26.08.20
000258,000258.jpg,2026.05.30
000259,000259.jpg,2025.11.09
000261,000261.png,25.09.08 | 26.03.07
000263,000263.jpg,2028.11.22
000264,000264.jpg,26.06.06
000274,000274.jpg,25.09.03 | 26.03.02
000277,000277.jpg,2025.09.16 | 2026.07.15
000290,000290.jpg,2027.03.02
000299,000299.jpg,2026.05.13
000305,000305.jpg,26.02.24
000309,000309.jpg,2027.04.01
000310,000310.jpg,2026.09.28
000315,000315.jpg,2026.07.19
000316,000316.jpg,2027.03.01
000326,000326.jpg,2025.10.18
000328,000328.jpg,2025.12.25
000346,000346.jpg,2026.05.15
000358,000358.jpg,2027.09.16
000359,000359.jpg,2026.06.18
000363,000363.jpg,2026.04.21
000369,000369.jpg,2027.06.25
000375,000375.jpg,26.05.31
000385,000385.jpg,2025.09.15 | 2026.09.14
000387,000387.jpg,2027.01.21
000388,000388.jpg,2026.01.15
000392,000392.jpg,25.08.29 | 26.08.29
000394,000394.jpg,2026.04.14
000396,000396.jpg,2026.02.27
000399,000399.jpg,2027.01.31
000402,000402.jpg,28.04.19
000405,000405.jpg,2027.10.15
000410,000410.jpg,2027.04.13
000415,000415.jpg,2026.05.27
000417,000417.jpg,2026.03.15
000419,000419.jpg,2026.08.05
000440,000440.jpg,25.08.14 | 26.08.13
000441,000441.jpg,2025.12.13
000442,000442.jpg,2025.11.30
000451,000451.jpg,25.08.28 | 26.02.27
000455,000455.jpg,2025.08.11 | 2026.02.10
000463,000463.jpg,2027.07.30
000465,000465.jpg,2025.05.21
000473,000473.jpg,2025.05.21
000485,000485.jpg,2027-09-17
000487,000487.jpg,2027.12.11
000500,000500.jpg,2025.06.18 | 2026.12.17
000504,000504.jpg,2026.02.28
000508,000508.jpg,25.08.25
000513,000513.jpg,2026.09.03
000515,000515.jpg,2026.01
000521,000521.jpg,2025.09.11 | 2026.03.10
000525,000525.jpg,2027.09.08
000527,000527.jpg,2025.10.12
000543,000543.jpg,2025.06.27 | 27.09.26
000544,000544.jpg,
000550,000550.jpg,2026.05.29
000563,000563.jpg,2026.01.10
000565,000565.jpg,2025.12.05
000568,000568.jpg,2026.02.23
000575,000575.jpg,10.14
000576,000576.jpg,2025.06.22 | 2026.05.21
000592,000592.jpg,26/03/2023 | 25/03/2025
000598,000598.jpg,2025.09.10 | 2026.03.09
000612,000612.jpg,2026.05.07
000614,000614.jpg,2026.03.07
000621,000621.jpg,2026.08.25
000630,000630.jpg,2026.03.31
000631,000631.jpg,25.11.15
000636,000636.jpg,2026.03.09
000643,000643.jpg,2026.01.21
000656,000656.jpg,2026.09.04
000661,000661.jpg,2026.04.17
000672,000672.jpg,26.02.08
000676,000676.jpg,2026.06.10
000686,000686.jpg,2025.10.03 | 2025.10.12
000687,000687.jpg,2025년 10월 17일
000693,000693.jpg,25.09.02 | 26.09.01
000695,000695.jpg,2027.09.09
000714,000714.jpg,12.3.2026
000723,000723.jpg,26.05.10
000725,000725.jpg,26.04.16
000731,000731.jpg,2026.03.08
000734,000734.jpg,2025.10.28
000741,000741.jpg,25.08.04 | 25.12.03
000745,000745.jpg,26.01.10
000748,000748.jpg,2027.01.22
000760,000760.jpg,11.20
000786,000786.jpeg,12.17 | 12.05
000789,000789.jpeg,12.19
000794,000794.jpeg,2026.10.27
000798,000798.jpeg,12.20
000803,000803.jpeg,2026/09/13
000805,000805.jpeg,2027.7
000815,000815.jpeg,2026 06 22
000817,000817.jpeg,MAY 12 2026
000823,000823.jpeg,2027/02/23
000824,000824.jpeg,12.18 | 12.06
000825,000825.jpeg,2026.06.22
000835,000835.jpeg,
000839,000839.jpeg,2025.11.26 | 2026.01.03
000858,000858.jpg,2021/10/28
000862,000862.jpg,22.10.2020 | 22.10.2021
000873,000873.jpg,FEB/26/21
000888,000888.jpg,2021 12 04
000893,000893.jpg,07FEB2022
000896,000896.jpg,2020/02/15 | 2023/02/15
000902,000902.jpg,01/11/2021
000913,000913.jpg,2021.10.19
000925,000925.jpg,02.02
000928,000928.jpg,13/03/22
000941,000941.jpg,2021/07/02
000942,000942.jpg,29 08 2020 | 29 05 2021
000944,000944.jpg,03/04/2020 | 03/07/2021
000948,000948.jpg,24/07/2020 | 24/10/2021
000968,000968.jpg,2022.10.17
000978,000978.jpg,03 11 2020 | 03 11 2021
001000,001000.jpg,07 SEP 21
001005,001005.jpg,2020.08.10
001007,001007.jpg,2020.12.30 | 2022.06.29
001012,001012.jpg,2020.11.11 | 2021.11.10
001026,001026.jpg,2020.12.09
001032,001032.jpg,2019.07.16
001041,001041.jpg,2022.04.15
001044,001044.jpg,30-04-2021
001047,001047.jpg,2021.05.12
001048,001048.jpg,2021.05.12
001053,001053.jpg,2022.09.01
001060,001060.jpg,2022.06.23
001070,001070.jpg,01.24
001074,001074.jpg,30/09/2021
001083,001083.jpg,2021.07.09
001090,001090.jpg,2020.07.17 | 2021.04.16
001101,001101.jpg,2021.01.14 | 2021.03.14
001103,001103.jpg,2021.03.14
001106,001106.jpg,2021.03.27
001128,001128.jpg,20.12.11 | 21.06.10
001129,001129.jpg,02.07
001136,001136.jpg,24/09/2022
001145,001145.jpg,2021.05.25
001158,001158.jpg,2021 08 10
001164,001164.jpg,2021.03.01
001175,001175.jpg,07 09 21
001181,001181.jpg,APR 14 2022
001183,001183.jpg,2021.10.08
001193,001193.jpg,13/02/2020 | 11/02/2021
001201,001201.jpg,2022.07.16
001214,001214.jpg,2021.05.15
001239,001239.jpg,2020.12.19
001256,001256.jpg,2022/07/03
001259,001259.jpg,30/08/2021
001260,001260.jpg,30/08/2021
001267,001267.jpg,2022.09.05
001271,001271.jpg,2023/07/08
001290,001290.jpg,24/11/21
001293,001293.jpg,2020/09/21
001302,001302.jpg,30.11.20 | 29.11.21 | 09/2012
001303,001303.jpg,14/09/2020 | 14/09/2021
001312,001312.jpg,2022/10/20
001346,001346.jpg,AUG 27 2021
001354,001354.jpg,06 JUL 2022
001356,001356.jpg,08/22 | 08/20
001372,001372.jpg,07-03-2022
001381,001381.jpg,2021.04.09
001405,001405.jpg,2021.01.27
001411,001411.jpg,2022.09.06
001413,001413.jpg,21.02.24 | 21.07.23
001423,001423.jpg,Nov 2021
001424,001424.jpg,22.06.2020 | 22.06.2021
001425,001425.jpg,22.06.2020 | 22.06.2021
001426,001426.jpg,2020.04.17
001427,001427.jpg,2020.08.12
001432,001432.jpg,2021.09.29
001445,001445.jpg,2021.10.29
001450,001450.jpg,2022.04.26
001458,001458.jpg,2022.10.29
001482,001482.jpg,01.31
001484,001484.jpg,28/09/2022
001490,001490.jpg,2020.12.07 | 2021.08.06
001506,001506.jpg,2021.02.19
001509,001509.jpg,OCT-19-2021
001517,001517.jpg,2021.11.19
001526,001526.jpg,2021.01.21
001529,001529.jpg,2021.02.11
001530,001530.jpg,2021.02.11
001531,001531.jpg,2022.06.06
001534,001534.jpg,2022.07.11
001537,001537.jpg,21.01.26 | 21.02.19
001538,001538.jpg,22.01.18
001542,001542.jpg,22.01.22
001544,001544.jpg,2021.08.02
001548,001548.jpg,29/09/2020 | 28/09/2022
001551,001551.jpg,09/10/2021
001553,001553.jpg,02.19
001559,001559.jpg,24/12/21
001563,001563.jpg,20.03.06 | 20.08.05
001566,001566.jpg,23 APR 2020
001572,001572.jpg,2021.06.11
001615,001615.jpg,2020.09.03
001628,001628.jpg,2021.07.23
001630,001630.jpg,2022.10.21
001633,001633.jpg,2021.05.12
001639,001639.jpg,2021.02.28
001641,001641.jpg,2023.01.24
001642,001642.jpg,13 MAR 2022
001648,001648.jpg,2021/12/14
001651,001651.jpg,2021.03.09
001655,001655.jpg,2019.09.12
001656,001656.jpg,2021.01.16
001680,001680.jpg,2021.01.16 | 2021.03.16
001682,001682.jpg,2022.10.22
001687,001687.jpg,2020.11.27
001688,001688.jpg,22 JUN 2021
001691,001691.jpg,2020 08 16
001692,001692.jpg,2021.07.03
001711,001711.jpg,21.01.16 | 21.10.15
001751,001751.jpg,2021.06.28
001758,001758.jpg,09MAR2023
001766,001766.jpg,10/SEP/21
001767,001767.jpg,2020.12.30 | 2021.06.29
001772,001772.jpg,2020.08.07
001773,001773.jpg,2020.08.07
001775,001775.jpg,2021.04.02
001778,001778.jpg,21.04.09
001781,001781.jpg,2020.03.02 | 2020.09.01
001796,001796.jpg,2021.01.27
001800,001800.jpg,2021.01.14
001827,001827.jpg,28/11/2021
001830,001830.jpg,12/2020
001855,001855.jpg,28.Oct.2023
001856,001856.jpg,28.Oct.2023
001860,001860.jpg,
001861,001861.jpg,18 06 23
001869,001869.jpg,26/09/2021 | 26/11/2020
001879,001879.jpg,2021.09.01
001885,001885.jpg,2021-12-05 | 2020-06-05
001890,001890.jpg,31AUG21
001892,001892.jpg,2022.05.22
001896,001896.jpg,2021.03.17
001900,001900.jpg,NOV 29 2021
001903,001903.jpg,27/08/20 | 27/08/21
001908,001908.jpg,2021.08.16
001909,001909.jpg,2021.12.29
001910,001910.jpg,2020.05.08 | 2021.05.07 | 2016.4 | 2017.11
001912,001912.jpg,21MAY2021
001914,001914.jpg,2021.09.14
001917,001917.jpg,25.05.2021
001942,001942.jpg,27.05.2022
001944,001944.jpg,2023-09-29
001949,001949.jpg,16 07 23
001953,001953.jpg,OCT.2021
001955,001955.jpg,OCT.2021
001960,001960.jpg,15-06-2022
001961,001961.jpg,27/03/21
001969,001969.jpg,08/2021
001976,001976.jpg,26.02.21
001978,001978.jpg,2020.11.04
001983,001983.jpg,2021.10.20
002007,002007.jpg,2022/01/14
002008,002008.jpg,2022/01/14
002009,002009.jpg,02 12 2021
002013,002013.jpg,2022.10.01
002015,002015.jpg,2023.06.28
002016,002016.jpg,19 10 2022
002017,002017.jpg,2021.10.23
002019,002019.jpg,09/03/2022
002020,002020.jpg,01/05/2023
002032,002032.jpg,2022.03.22
002042,002042.jpg,2020.08.27
002052,002052.jpg,04.14
002053,002053.jpg,2020.08.11
002054,002054.jpg,12 2021
002058,002058.jpg,2022.06.22
002061,002061.jpg,04.17 | 2018년 9월
002084,002084.jpg,13/03/2020 | 06/11/2020
002085,002085.jpg,2021.11.22
002091,002091.jpg,2021.09.21
002093,002093.jpg,2021.11.17
002101,002101.jpg,2021.09.17
002106,002106.jpg,2022.01.03
002109,002109.jpg,2022.02.24
002114,002114.jpg,2020.12.01
002134,002134.jpg,2022.11.02
002155,002155.jpg,21.05.21
002158,002158.jpg,04.13
002159,002159.jpg,04.13
002173,002173.jpg,07.01
002178,002178.jpg,2022.05.19
002191,002191.jpg,2020.10.20
002200,002200.jpg,2021.08.05
002201,002201.jpg,20.10.08
002208,002208.jpg,2022.05.31
002210,002210.jpg,20.03.23 | 20.09.22
002214,002214.jpg,20.10.16
002221,002221.jpg,2022.06.03
002227,002227.jpg,2023. 03 03
002228,002228.jpg,28/03/23
002231,002231.jpg,2022.07.21
002236,002236.jpg,2021.06.08
002238,002238.jpg,2022/06/20
002239,002239.jpg,2022/06/30
002241,002241.jpg,2021 MAY 26
002243,002243.jpg,2022.03.13
002247,002247.jpg,2021.09.07
002250,002250.jpg,09MAY2021
002266,002266.jpg,03.05
002269,002269.jpg,16/03/21
002273,002273.jpg,2021.08.09
002286,002286.jpg,21.12.31
002289,002289.jpg,18.12.2021
002297,002297.jpg,2022.06.06
002313,002313.jpg,17.10.2020 | 17.10.2021
002316,002316.jpg,15.06.2022
002320,002320.jpg,2020.10.29
002322,002322.jpg,04.15
002327,002327.jpg,2022.10.23
002328,002328.jpg,2020.10.21 | 2021.10.20
002329,002329.jpg,2020.11.30
002334,002334.jpg,21.10.04
002337,002337.jpg,2023.01.05
002340,002340.jpg,21.12.28
002342,002342.jpg,2020.12.16 | 2021.12.15
002345,002345.jpg,02.12
002348,002348.jpg,2021.10.04
002350,002350.jpg,19.04.12 | 19.09.11
002362,002362.jpg,2019.12.10
002366,002366.jpg,01-10-2020
002368,002368.jpg,2022.01.16
002369,002369.jpg,2022.01.16
002385,002385.jpg,19.03.19 | 19.08.18
002389,002389.jpg,2021.08.04
002392,002392.jpg,2021.07.21
002395,002395.jpg,2023/11/11
002399,002399.jpg,SEP 15 2021
002408,002408.jpg,29.10.2019 | 29.10.2022
002413,002413.jpg,2022.07.20
002418,002418.jpg,2023.05.10
002419,002419.jpg,2023.05.10
002425,002425.jpg,2022/06/09
002443,002443.jpg,11/11/21
002444,002444.jpg,11/11/21
002450,002450.jpg,2020.12.10 | 2021.06.09
002452,002452.jpg,21.12.22
002473,002473.jpg,21.03.10 | 21.03.16
002475,002475.jpg,2021.03.13
002481,002481.jpg,2021.03.28
002489,002489.jpg,2021.04.18
002507,002507.jpg,2021.08.08
002512,002512.jpg,2021.11.04
002519,002519.jpg,2023.01.25
002520,002520.jpg,02/10/2023
002523,002523.jpg,2022.09.14
002539,002539.jpg,2021/08/05
002551,002551.jpg,30-09-2021
002557,002557.jpg,2021.11.17
002561,002561.jpg,2022-10-21
002563,002563.jpg,29/08/2021
002574,002574.jpg,2021.12.16
002576,002576.jpg,2020.02.18
002579,002579.jpg,2024.01.14
002584,002584.jpg,04-11-23
002594,002594.jpg,05.08.2022
002600,002600.jpg,2020.10.21
002604,002604.jpg,17/11/23
002607,002607.jpg,2022.04.02
002636,002636.jpg,09.10.2022
002643,002643.jpg,11.2022
002652,002652.jpg,2021.08.18
002654,002654.jpg,2020-12-08 | 2025-11-30
002661,002661.jpg,2021-01-11 | 2022-01-11
002662,002662.jpg,2021-01-11 | 2022-01-11
002663,002663.jpg,2020-08-18 | 2021-08-18
002664,002664.jpg,2020-08-18 | 2021-08-18
002669,002669.jpg,2022.04.18
002683,002683.jpg,03/12/2021
002686,002686.jpg,2021.11.05
002699,002699.jpg,2021.08.23
002705,002705.jpg,07-12-21
002708,002708.jpg,20/01/22
002716,002716.jpg,2021/12/15
002724,002724.jpg,19/12/20
002725,002725.jpg,28 10 21
002727,002727.jpg,17.03.22
002729,002729.jpg,04 NOV 2021
002731,002731.jpg,18/04/2021
002744,002744.jpg,10.01.20 | 10.01.21
002748,002748.jpg,2022.11.12
002749,002749.jpg,12.2020
002751,002751.jpg,21/11/2020 | 20/02/2022
002775,002775.jpg,2021-10-08
002780,002780.jpg,06/04/21
002782,002782.jpg,22/04/2021
002790,002790.jpg,06/12/2021
002798,002798.jpg,2021.04.28
002802,002802.jpg,2021.09.29
002807,002807.jpg,2021.12.29
002812,002812.jpg,2023.01.13
002820,002820.jpg,2021.11.19
002834,002834.jpg,2021.06.30
002838,002838.jpg,02/08/2022
002864,002864.jpg,02/03/2023
002866,002866.jpg,28/02/22
002870,002870.jpg,2021.02.25
002873,002873.jpg,2021.04.07
002876,002876.jpg,2022.12.04
002881,002881.jpg,2020.10.14 | 2021.04.13
002884,002884.jpg,2022.07.20
002900,002900.jpg,2022 08 03
002927,002927.jpg,04.08
002934,002934.jpg,02.02.22
002948,002948.jpg,12.06.2021
002954,002954.jpg,2021.02.28
002974,002974.jpg,21/09/2020 | 15/03/2022
002980,002980.jpg,2021.12 17
002983,002983.jpg,2021.09.14
002992,002992.jpg,2021.02.21
003011,003011.jpg,11 12 2021
003015,003015.jpg,2022.07.01
003020,003020.jpg,2021.03.23
003023,003023.jpg,2021.11.01
003032,003032.jpg,12.04.2021
003036,003036.jpg,28 08 2022
003053,003053.jpg,28/10/2021
003060,003060.jpg,2021.10.04
003067,003067.jpg,21.06.15
003068,003068.jpg,21.06.15
003070,003070.jpg,20.02.10 | 20.08.09
003072,003072.jpg,2021.08.19
003073,003073.jpg,2021.08.25
003083,003083.jpg,21.12.02
003085,003085.jpg,2021.06.27
003089,003089.jpg,15-09-2021
003091,003091.jpg,17-09-2021
003101,003101.jpg,2022.11.21
003113,003113.jpg,2021.03.28
003117,003117.jpg,2021.12.29
003122,003122.jpg,15.09.2020 | 15.09.2021
003134,003134.jpg,2021.10.14
003135,003135.jpg,2021.10.14
003140,003140.jpg,2021.01.13 | 2021.07.12
003142,003142.jpg,2020.12.12 | 2021.12.11
003167,003167.jpg,10.10.21
003170,003170.jpg,20-04-21
003173,003173.jpg,05/2022
003183,003183.jpg,2021.03.26
003188,003188.jpg,2022.01.17
003202,003202.jpg,10/2021
003205,003205.jpg,2023/06/26
003207,003207.jpg,2021.07.20
003208,003208.jpg,2021.07.20
003235,003235.jpg,11/2022
003252,003252.jpg,04/2023
003253,003253.jpg,20 10 2020
003255,003255.jpg,2021.11.05
003260,003260.jpg,2022.07.29
003272,003272.jpg,2021.05.03
003274,003274.jpg,2021/08/20
003276,003276.jpg,04.10
003285,003285.jpg,21.03.07 | 21.08.06
003298,003298.jpg,2021.10.21
003302,003302.jpg,2023.02.06
003309,003309.jpg,AUG292020
003321,003321.jpg,2021.09.01
003339,003339.jpg,24/01/2022
003342,003342.jpg,30 12 23
003343,003343.jpg,30 12 23
003348,3348.jpeg,13/07/25 | 13/07/27
